CITY,DISTRICT,ID,REGION
Тест,Тест,0,Тест
Адыгейск,Южный,1,Адыгея
Майкоп,Южный,2,Адыгея
Горно-Алтайск,Сибирский,3,Алтай
Алейск,Сибирский,4,Алтайский край
Барнаул,Сибирский,5,Алтайский край
Белокуриха,Сибирский,6,Алтайский край
Бийск,Сибирский,7,Алтайский край
Горняк,Сибирский,8,Алтайский край
Заринск,Сибирский,9,Алтайский край
Змеиногорск,Сибирский,10,Алтайский край
Камень-на-Оби,Сибирский,11,Алтайский край
Новоалтайск,Сибирский,12,Алтайский край
Рубцовск,Сибирский,13,Алтайский край
Славгород,Сибирский,14,Алтайский край
Яровое,Сибирский,15,Алтайский край
Белогорск,Дальневосточный,16,Амурская область
Благовещенск,Дальневосточный,17,Амурская область
Завитинск,Дальневосточный,18,Амурская область
Зея,Дальневосточный,19,Амурская область
Райчихинск,Дальневосточный,20,Амурская область
Свободный,Дальневосточный,21,Амурская область
Сковородино,Дальневосточный,22,Амурская область
Тында,Дальневосточный,23,Амурская область
Шимановск,Дальневосточный,24,Амурская область
Архангельск,Северо-Западный,25,Архангельская область
Вельск,Северо-Западный,26,Архангельская область
Каргополь,Северо-Западный,27,Архангельская область
Коряжма,Северо-Западный,28,Архангельская область
Котлас,Северо-Западный,29,Архангельская область
Мезень,Северо-Западный,30,Архангельская область
Мирный,Северо-Западный,31,Архангельская область
Новодвинск,Северо-Западный,32,Архангельская область
Няндома,Северо-Западный,33,Архангельская область
Онега,Северо-Западный,34,Архангельская область
Северодвинск,Северо-Западный,35,Архангельская область
Сольвычегодск,Северо-Западный,36,Архангельская область
Шенкурск,Северо-Западный,37,Архангельская область
Астрахань,Южный,38,Астраханская область
Ахтубинск,Южный,39,Астраханская область
Знаменск,Южный,40,Астраханская область
Камызяк,Южный,41,Астраханская область
Нариманов,Южный,42,Астраханская область
Харабали,Южный,43,Астраханская область
Агидель,Приволжский,44,Башкортостан
Баймак,Приволжский,45,Башкортостан
Белебей,Приволжский,46,Башкортостан
Белорецк,Приволжский,47,Башкортостан
Бирск,Приволжский,48,Башкортостан
Благовещенск,Приволжский,49,Башкортостан
Давлеканово,Приволжский,50,Башкортостан
Дюртюли,Приволжский,51,Башкортостан
Ишимбай,Приволжский,52,Башкортостан
Кумертау,Приволжский,53,Башкортостан
Межгорье,Приволжский,54,Башкортостан
Мелеуз,Приволжский,55,Башкортостан
Нефтекамск,Приволжский,56,Башкортостан
Октябрьский,Приволжский,57,Башкортостан
Салават,Приволжский,58,Башкортостан
Сибай,Приволжский,59,Башкортостан
Стерлитамак,Приволжский,60,Башкортостан
Туймазы,Приволжский,61,Башкортостан
Уфа,Приволжский,62,Башкортостан
Учалы,Приволжский,63,Башкортостан
Янаул,Приволжский,64,Башкортостан
Алексеевка,Центральный,65,Белгородская область
Белгород,Центральный,66,Белгородская область
Бирюч,Центральный,67,Белгородская область
Валуйки,Центральный,68,Белгородская область
Грайворон,Центральный,69,Белгородская область
Губкин,Центральный,70,Белгородская область
Короча,Центральный,71,Белгородская область
Новый Оскол,Центральный,72,Белгородская область
Старый Оскол,Центральный,73,Белгородская область
Строитель,Центральный,74,Белгородская область
Шебекино,Центральный,75,Белгородская область
Брянск,Центральный,76,Брянская область
Дятьково,Центральный,77,Брянская область
Жуковка,Центральный,78,Брянская область
Злынка,Центральный,79,Брянская область
Карачев,Центральный,80,Брянская область
Клинцы,Центральный,81,Брянская область
Мглин,Центральный,82,Брянская область
Новозыбков,Центральный,83,Брянская область
Почеп,Центральный,84,Брянская область
Севск,Центральный,85,Брянская область
Сельцо,Центральный,86,Брянская область
Стародуб,Центральный,87,Брянская область
Сураж,Центральный,88,Брянская область
Трубчевск,Центральный,89,Брянская область
Унеча,Центральный,90,Брянская область
Фокино,Центральный,91,Брянская область
Бабушкин,Сибирский,92,Бурятия
Гусиноозёрск,Сибирский,93,Бурятия
Закаменск,Сибирский,94,Бурятия
Кяхта,Сибирский,95,Бурятия
Северобайкальск,Сибирский,96,Бурятия
Улан-Удэ,Сибирский,97,Бурятия
Александров,Центральный,98,Владимирская область
Владимир,Центральный,99,Владимирская область
Вязники,Центральный,100,Владимирская область
Гороховец,Центральный,101,Владимирская область
Гусь-Хрустальный,Центральный,102,Владимирская область
Камешково,Центральный,103,Владимирская область
Карабаново,Центральный,104,Владимирская область
Киржач,Центральный,105,Владимирская область
Ковров,Центральный,106,Владимирская область
Кольчугино,Центральный,107,Владимирская область
Костерёво,Центральный,108,Владимирская область
Курлово,Центральный,109,Владимирская область
Лакинск,Центральный,110,Владимирская область
Меленки,Центральный,111,Владимирская область
Муром,Центральный,112,Владимирская область
Петушки,Центральный,113,Владимирская область
Покров,Центральный,114,Владимирская область
Радужный,Центральный,115,Владимирская область
Собинка,Центральный,116,Владимирская область
Струнино,Центральный,117,Владимирская область
Судогда,Центральный,118,Владимирская область
Суздаль,Центральный,119,Владимирская область
Юрьев-Польский,Центральный,120,Владимирская область
Волгоград,Южный,121,Волгоградская область
Волжский,Южный,122,Волгоградская область
Дубовка,Южный,123,Волгоградская область
Жирновск,Южный,124,Волгоградская область
Калач-на-Дону,Южный,125,Волгоградская область
Камышин,Южный,126,Волгоградская область
Котельниково,Южный,127,Волгоградская область
Котово,Южный,128,Волгоградская область
Краснослободск,Южный,129,Волгоградская область
Ленинск,Южный,130,Волгоградская область
Михайловка,Южный,131,Волгоградская область
Николаевск,Южный,132,Волгоградская область
Новоаннинский,Южный,133,Волгоградская область
Палласовка,Южный,134,Волгоградская область
Петров Вал,Южный,135,Волгоградская область
Серафимович,Южный,136,Волгоградская область
Суровикино,Южный,137,Волгоградская область
Урюпинск,Южный,138,Волгоградская область
Фролово,Южный,139,Волгоградская область
Бабаево,Северо-Западный,140,Вологодская область
Белозерск,Северо-Западный,141,Вологодская область
Великий Устюг,Северо-Западный,142,Вологодская область
Вологда,Северо-Западный,143,Вологодская область
Вытегра,Северо-Западный,144,Вологодская область
Грязовец,Северо-Западный,145,Вологодская область
Кадников,Северо-Западный,146,Вологодская область
Кириллов,Северо-Западный,147,Вологодская область
Красавино,Северо-Западный,148,Вологодская область
Никольск,Северо-Западный,149,Вологодская область
Сокол,Северо-Западный,150,Вологодская область
Тотьма,Северо-Западный,151,Вологодская область
Устюжна,Северо-Западный,152,Вологодская область
Харовск,Северо-Западный,153,Вологодская область
Череповец,Северо-Западный,154,Вологодская область
Бобров,Центральный,155,Воронежская область
Богучар,Центральный,156,Воронежская область
Борисоглебск,Центральный,157,Воронежская область
Бутурлиновка,Центральный,158,Воронежская область
Воронеж,Центральный,159,Воронежская область
Калач,Центральный,160,Воронежская область
Лиски,Центральный,161,Воронежская область
Нововоронеж,Центральный,162,Воронежская область
Новохопёрск,Центральный,163,Воронежская область
Острогожск,Центральный,164,Воронежская область
Павловск,Центральный,165,Воронежская область
Поворино,Центральный,166,Воронежская область
Россошь,Центральный,167,Воронежская область
Семилуки,Центральный,168,Воронежская область
Эртиль,Центральный,169,Воронежская область
Буйнакск,Северо-Кавказский,170,Дагестан
Дагестанские Огни,Северо-Кавказский,171,Дагестан
Дербент,Северо-Кавказский,172,Дагестан
Избербаш,Северо-Кавказский,173,Дагестан
Каспийск,Северо-Кавказский,174,Дагестан
Кизилюрт,Северо-Кавказский,175,Дагестан
Кизляр,Северо-Кавказский,176,Дагестан
Махачкала,Северо-Кавказский,177,Дагестан
Хасавюрт,Северо-Кавказский,178,Дагестан
Южно-Сухокумск,Северо-Кавказский,179,Дагестан
Биробиджан,Дальневосточный,180,Еврейская АО
Облучье,Дальневосточный,181,Еврейская АО
Балей,Сибирский,182,Забайкальский край
Борзя,Сибирский,183,Забайкальский край
Краснокаменск,Сибирский,184,Забайкальский край
Могоча,Сибирский,185,Забайкальский край
Нерчинск,Сибирский,186,Забайкальский край
Петровск-Забайкальский,Сибирский,187,Забайкальский край
Сретенск,Сибирский,188,Забайкальский край
Хилок,Сибирский,189,Забайкальский край
Чита,Сибирский,190,Забайкальский край
Шилка,Сибирский,191,Забайкальский край
Вичуга,Центральный,192,Ивановская область
Гаврилов Посад,Центральный,193,Ивановская область
Заволжск,Центральный,194,Ивановская область
Иваново,Центральный,195,Ивановская область
Кинешма,Центральный,196,Ивановская область
Комсомольск,Центральный,197,Ивановская область
Кохма,Центральный,198,Ивановская область
Наволоки,Центральный,199,Ивановская область
Плёс,Центральный,200,Ивановская область
Приволжск,Центральный,201,Ивановская область
Пучеж,Центральный,202,Ивановская область
Родники,Центральный,203,Ивановская область
Тейково,Центральный,204,Ивановская область
Фурманов,Центральный,205,Ивановская область
Шуя,Центральный,206,Ивановская область
Южа,Центральный,207,Ивановская область
Юрьевец,Центральный,208,Ивановская область
Карабулак,Северо-Кавказский,209,Ингушетия
Магас,Северо-Кавказский,210,Ингушетия
Малгобек,Северо-Кавказский,211,Ингушетия
Назрань,Северо-Кавказский,212,Ингушетия
Алзамай,Сибирский,213,Иркутская область
Ангарск,Сибирский,214,Иркутская область
Байкальск,Сибирский,215,Иркутская область
Бирюсинск,Сибирский,216,Иркутская область
Бодайбо,Сибирский,217,Иркутская область
Братск,Сибирский,218,Иркутская область
Вихоревка,Сибирский,219,Иркутская область
Железногорск-Илимский,Сибирский,220,Иркутская область
Зима,Сибирский,221,Иркутская область
Иркутск,Сибирский,222,Иркутская область
Киренск,Сибирский,223,Иркутская область
Нижнеудинск,Сибирский,224,Иркутская область
Саянск,Сибирский,225,Иркутская область
Свирск,Сибирский,226,Иркутская область
Слюдянка,Сибирский,227,Иркутская область
Тайшет,Сибирский,228,Иркутская область
Тулун,Сибирский,229,Иркутская область
Усолье-Сибирское,Сибирский,230,Иркутская область
Усть-Илимск,Сибирский,231,Иркутская область
Усть-Кут,Сибирский,232,Иркутская область
Черемхово,Сибирский,233,Иркутская область
Шелехов,Сибирский,234,Иркутская область
Баксан,Северо-Кавказский,235,Кабардино-Балкария
Майский,Северо-Кавказский,236,Кабардино-Балкария
Нальчик,Северо-Кавказский,237,Кабардино-Балкария
Нарткала,Северо-Кавказский,238,Кабардино-Балкария
Прохладный,Северо-Кавказский,239,Кабардино-Балкария
Терек,Северо-Кавказский,240,Кабардино-Балкария
Тырныауз,Северо-Кавказский,241,Кабардино-Балкария
Чегем,Северо-Кавказский,242,Кабардино-Балкария
Багратионовск,Северо-Западный,243,Калининградская область
Балтийск,Северо-Западный,244,Калининградская область
Гвардейск,Северо-Западный,245,Калининградская область
Гурьевск,Северо-Западный,246,Калининградская область
Гусев,Северо-Западный,247,Калининградская область
Зеленоградск,Северо-Западный,248,Калининградская область
Калининград,Северо-Западный,249,Калининградская область
Краснознаменск,Северо-Западный,250,Калининградская область
Ладушкин,Северо-Западный,251,Калининградская область
Мамоново,Северо-Западный,252,Калининградская область
Неман,Северо-Западный,253,Калининградская область
Нестеров,Северо-Западный,254,Калининградская область
Озёрск,Северо-Западный,255,Калининградская область
Пионерский,Северо-Западный,256,Калининградская область
Полесск,Северо-Западный,257,Калининградская область
Правдинск,Северо-Западный,258,Калининградская область
Светлогорск,Северо-Западный,259,Калининградская область
Светлый,Северо-Западный,260,Калининградская область
Славск,Северо-Западный,261,Калининградская область
Советск,Северо-Западный,262,Калининградская область
Черняховск,Северо-Западный,263,Калининградская область
Приморск,Северо-Западный,264,Калининградская область
Городовиковск,Южный,265,Калмыкия
Лагань,Южный,266,Калмыкия
Элиста,Южный,267,Калмыкия
Балабаново,Центральный,268,Калужская область
Белоусово,Центральный,269,Калужская область
Боровск,Центральный,270,Калужская область
Ермолино,Центральный,271,Калужская область
Жиздра,Центральный,272,Калужская область
Жуков,Центральный,273,Калужская область
Калуга,Центральный,274,Калужская область
Киров,Центральный,275,Калужская область
Козельск,Центральный,276,Калужская область
Кондрово,Центральный,277,Калужская область
Кремёнки,Центральный,278,Калужская область
Людиново,Центральный,279,Калужская область
Малоярославец,Центральный,280,Калужская область
Медынь,Центральный,281,Калужская область
Мещовск,Центральный,282,Калужская область
Мосальск,Центральный,283,Калужская область
Обнинск,Центральный,284,Калужская область
Сосенский,Центральный,285,Калужская область
Спас-Деменск,Центральный,286,Калужская область
Сухиничи,Центральный,287,Калужская область
Таруса,Центральный,288,Калужская область
Юхнов,Центральный,289,Калужская область
Вилючинск,Дальневосточный,290,Камчатский край
Елизово,Дальневосточный,291,Камчатский край
Петропавловск-Камчатский,Дальневосточный,292,Камчатский край
Карачаевск,Северо-Кавказский,293,Карачаево-Черкесия
Теберда,Северо-Кавказский,294,Карачаево-Черкесия
Усть-Джегута,Северо-Кавказский,295,Карачаево-Черкесия
Черкесск,Северо-Кавказский,296,Карачаево-Черкесия
Беломорск,Северо-Западный,297,Карелия
Кемь,Северо-Западный,298,Карелия
Кондопога,Северо-Западный,299,Карелия
Костомукша,Северо-Западный,300,Карелия
Лахденпохья,Северо-Западный,301,Карелия
Медвежьегорск,Северо-Западный,302,Карелия
Олонец,Северо-Западный,303,Карелия
Петрозаводск,Северо-Западный,304,Карелия
Питкяранта,Северо-Западный,305,Карелия
Пудож,Северо-Западный,306,Карелия
Сегежа,Северо-Западный,307,Карелия
Сортавала,Северо-Западный,308,Карелия
Суоярви,Северо-Западный,309,Карелия
Анжеро-Судженск,Сибирский,310,Кемеровская область
Белово,Сибирский,311,Кемеровская область
Берёзовский,Сибирский,312,Кемеровская область
Гурьевск,Сибирский,313,Кемеровская область
Калтан,Сибирский,314,Кемеровская область
Кемерово,Сибирский,315,Кемеровская область
Киселёвск,Сибирский,316,Кемеровская область
Ленинск-Кузнецкий,Сибирский,317,Кемеровская область
Мариинск,Сибирский,318,Кемеровская область
Междуреченск,Сибирский,319,Кемеровская область
Мыски,Сибирский,320,Кемеровская область
Новокузнецк,Сибирский,321,Кемеровская область
Осинники,Сибирский,322,Кемеровская область
Полысаево,Сибирский,323,Кемеровская область
Прокопьевск,Сибирский,324,Кемеровская область
Салаир,Сибирский,325,Кемеровская область
Тайга,Сибирский,326,Кемеровская область
Таштагол,Сибирский,327,Кемеровская область
Топки,Сибирский,328,Кемеровская область
Юрга,Сибирский,329,Кемеровская область
Белая Холуница,Приволжский,330,Кировская область
Вятские Поляны,Приволжский,331,Кировская область
Зуевка,Приволжский,332,Кировская область
Киров,Приволжский,333,Кировская область
Кирово-Чепецк,Приволжский,334,Кировская область
Кирс,Приволжский,335,Кировская область
Котельнич,Приволжский,336,Кировская область
Луза,Приволжский,337,Кировская область
Малмыж,Приволжский,338,Кировская область
Мураши,Приволжский,339,Кировская область
Нолинск,Приволжский,340,Кировская область
Омутнинск,Приволжский,341,Кировская область
Орлов,Приволжский,342,Кировская область
Слободской,Приволжский,343,Кировская область
Советск,Приволжский,344,Кировская область
Сосновка,Приволжский,345,Кировская область
Уржум,Приволжский,346,Кировская область
Яранск,Приволжский,347,Кировская область
Воркута,Северо-Западный,348,Коми
Вуктыл,Северо-Западный,349,Коми
Емва,Северо-Западный,350,Коми
Инта,Северо-Западный,351,Коми
Микунь,Северо-Западный,352,Коми
Печора,Северо-Западный,353,Коми
Сосногорск,Северо-Западный,354,Коми
Сыктывкар,Северо-Западный,355,Коми
Усинск,Северо-Западный,356,Коми
Ухта,Северо-Западный,357,Коми
Буй,Центральный,358,Костромская область
Волгореченск,Центральный,359,Костромская область
Галич,Центральный,360,Костромская область
Кологрив,Центральный,361,Костромская область
Кострома,Центральный,362,Костромская область
Макарьев,Центральный,363,Костромская область
Мантурово,Центральный,364,Костромская область
Нерехта,Центральный,365,Костромская область
Нея,Центральный,366,Костромская область
Солигалич,Центральный,367,Костромская область
Чухлома,Центральный,368,Костромская область
Шарья,Центральный,369,Костромская область
Абинск,Южный,370,Краснодарский край
Анапа,Южный,371,Краснодарский край
Апшеронск,Южный,372,Краснодарский край
Армавир,Южный,373,Краснодарский край
Белореченск,Южный,374,Краснодарский край
Геленджик,Южный,375,Краснодарский край
Горячий Ключ,Южный,376,Краснодарский край
Гулькевичи,Южный,377,Краснодарский край
Ейск,Южный,378,Краснодарский край
Кореновск,Южный,379,Краснодарский край
Краснодар,Южный,380,Краснодарский край
Кропоткин,Южный,381,Краснодарский край
Крымск,Южный,382,Краснодарский край
Курганинск,Южный,383,Краснодарский край
Лабинск,Южный,384,Краснодарский край
Новокубанск,Южный,385,Краснодарский край
Новороссийск,Южный,386,Краснодарский край
Приморско-Ахтарск,Южный,387,Краснодарский край
Славянск-на-Кубани,Южный,388,Краснодарский край
Сочи,Южный,389,Краснодарский край
Темрюк,Южный,390,Краснодарский край
Тимашёвск,Южный,391,Краснодарский край
Тихорецк,Южный,392,Краснодарский край
Туапсе,Южный,393,Краснодарский край
Усть-Лабинск,Южный,394,Краснодарский край
Хадыженск,Южный,395,Краснодарский край
Артёмовск,Сибирский,396,Красноярский край
Ачинск,Сибирский,397,Красноярский край
Боготол,Сибирский,398,Красноярский край
Бородино,Сибирский,399,Красноярский край
Дивногорск,Сибирский,400,Красноярский край
Дудинка,Сибирский,401,Красноярский край
Енисейск,Сибирский,402,Красноярский край
Железногорск,Сибирский,403,Красноярский край
Заозёрный,Сибирский,404,Красноярский край
Зеленогорск,Сибирский,405,Красноярский край
Игарка,Сибирский,406,Красноярский край
Иланский,Сибирский,407,Красноярский край
Канск,Сибирский,408,Красноярский край
Кодинск,Сибирский,409,Красноярский край
Красноярск,Сибирский,410,Красноярский край
Лесосибирск,Сибирский,411,Красноярский край
Минусинск,Сибирский,412,Красноярский край
Назарово,Сибирский,413,Красноярский край
Норильск,Сибирский,414,Красноярский край
Сосновоборск,Сибирский,415,Красноярский край
Ужур,Сибирский,416,Красноярский край
Уяр,Сибирский,417,Красноярский край
Шарыпово,Сибирский,418,Красноярский край
Далматово,Уральский,419,Курганская область
Катайск,Уральский,420,Курганская область
Курган,Уральский,421,Курганская область
Куртамыш,Уральский,422,Курганская область
Макушино,Уральский,423,Курганская область
Петухово,Уральский,424,Курганская область
Шадринск,Уральский,425,Курганская область
Шумиха,Уральский,426,Курганская область
Щучье,Уральский,427,Курганская область
Дмитриев,Центральный,428,Курская область
Железногорск,Центральный,429,Курская область
Курск,Центральный,430,Курская область
Курчатов,Центральный,431,Курская область
Льгов,Центральный,432,Курская область
Обоянь,Центральный,433,Курская область
Рыльск,Центральный,434,Курская область
Суджа,Центральный,435,Курская область
Фатеж,Центральный,436,Курская область
Щигры,Центральный,437,Курская область
Бокситогорск,Северо-Западный,438,Ленинградская область
Волосово,Северо-Западный,439,Ленинградская область
Волхов,Северо-Западный,440,Ленинградская область
Всеволожск,Северо-Западный,441,Ленинградская область
Выборг,Северо-Западный,442,Ленинградская область
Высоцк,Северо-Западный,443,Ленинградская область
Гатчина,Северо-Западный,444,Ленинградская область
Ивангород,Северо-Западный,445,Ленинградская область
Каменногорск,Северо-Западный,446,Ленинградская область
Кингисепп,Северо-Западный,447,Ленинградская область
Кириши,Северо-Западный,448,Ленинградская область
Кировск,Северо-Западный,449,Ленинградская область
Коммунар,Северо-Западный,450,Ленинградская область
Лодейное Поле,Северо-Западный,451,Ленинградская область
Луга,Северо-Западный,452,Ленинградская область
Любань,Северо-Западный,453,Ленинградская область
Никольское,Северо-Западный,454,Ленинградская область
Новая Ладога,Северо-Западный,455,Ленинградская область
Отрадное,Северо-Западный,456,Ленинградская область
Пикалёво,Северо-Западный,457,Ленинградская область
Подпорожье,Северо-Западный,458,Ленинградская область
Приморск,Северо-Западный,459,Ленинградская область
Приозерск,Северо-Западный,460,Ленинградская область
Светогорск,Северо-Западный,461,Ленинградская область
Сертолово,Северо-Западный,462,Ленинградская область
Сланцы,Северо-Западный,463,Ленинградская область
Сосновый Бор,Северо-Западный,464,Ленинградская область
Сясьстрой,Северо-Западный,465,Ленинградская область
Тихвин,Северо-Западный,466,Ленинградская область
Тосно,Северо-Западный,467,Ленинградская область
Шлиссельбург,Северо-Западный,468,Ленинградская область
Грязи,Центральный,469,Липецкая область
Данков,Центральный,470,Липецкая область
Елец,Центральный,471,Липецкая область
Задонск,Центральный,472,Липецкая область
Лебедянь,Центральный,473,Липецкая область
Липецк,Центральный,474,Липецкая область
Усмань,Центральный,475,Липецкая область
Чаплыгин,Центральный,476,Липецкая область
Магадан,Дальневосточный,477,Магаданская область
Сусуман,Дальневосточный,478,Магаданская область
Волжск,Приволжский,479,Марий Эл
Звенигово,Приволжский,480,Марий Эл
Йошкар-Ола,Приволжский,481,Марий Эл
Козьмодемьянск,Приволжский,482,Марий Эл
Ардатов,Приволжский,483,Мордовия
Инсар,Приволжский,484,Мордовия
Ковылкино,Приволжский,485,Мордовия
Краснослободск,Приволжский,486,Мордовия
Рузаевка,Приволжский,487,Мордовия
Саранск,Приволжский,488,Мордовия
Темников,Приволжский,489,Мордовия
Москва,Центральный,490,Москва
Апрелевка,Центральный,491,Московская область
Балашиха,Центральный,492,Московская область
Бронницы,Центральный,493,Московская область
Верея,Центральный,494,Московская область
Видное,Центральный,495,Московская область
Волоколамск,Центральный,496,Московская область
Воскресенск,Центральный,497,Московская область
Высоковск,Центральный,498,Московская область
Голицыно,Центральный,499,Московская область
Дедовск,Центральный,500,Московская область
Дзержинский,Центральный,501,Московская область
Дмитров,Центральный,502,Московская область
Долгопрудный,Центральный,503,Московская область
Домодедово,Центральный,504,Московская область
Дрезна,Центральный,505,Московская область
Дубна,Центральный,506,Московская область
Егорьевск,Центральный,507,Московская область
Железнодорожный,Центральный,508,Московская область
Жуковский,Центральный,509,Московская область
Зарайск,Центральный,510,Московская область
Звенигород,Центральный,511,Московская область
Ивантеевка,Центральный,512,Московская область
Истра,Центральный,513,Московская область
Кашира,Центральный,514,Московская область
Климовск,Центральный,515,Московская область
Клин,Центральный,516,Московская область
Коломна,Центральный,517,Московская область
Котельники,Центральный,518,Московская область
Королёв,Центральный,519,Московская область
Красноармейск,Центральный,520,Московская область
Красногорск,Центральный,521,Московская область
Краснозаводск,Центральный,522,Московская область
Краснознаменск,Центральный,523,Московская область
Кубинка,Центральный,524,Московская область
Куровское,Центральный,525,Московская область
Ликино-Дулёво,Центральный,526,Московская область
Лобня,Центральный,527,Московская область
Лосино-Петровский,Центральный,528,Московская область
Луховицы,Центральный,529,Московская область
Лыткарино,Центральный,530,Московская область
Люберцы,Центральный,531,Московская область
Можайск,Центральный,532,Московская область
Московский,Центральный,533,Москва
Мытищи,Центральный,534,Московская область
Наро-Фоминск,Центральный,535,Московская область
Ногинск,Центральный,536,Московская область
Одинцово,Центральный,537,Московская область
Ожерелье,Центральный,538,Московская область
Озёры,Центральный,539,Московская область
Орехово-Зуево,Центральный,540,Московская область
Павловский Посад,Центральный,541,Московская область
Пересвет,Центральный,542,Московская область
Подольск,Центральный,543,Московская область
Протвино,Центральный,544,Московская область
Пушкино,Центральный,545,Московская область
Пущино,Центральный,546,Московская область
Раменское,Центральный,547,Московская область
Реутов,Центральный,548,Московская область
Рошаль,Центральный,549,Московская область
Руза,Центральный,550,Московская область
Сергиев Посад,Центральный,551,Московская область
Серпухов,Центральный,552,Московская область
Солнечногорск,Центральный,553,Московская область
Старая Купавна,Центральный,554,Московская область
Ступино,Центральный,555,Московская область
Талдом,Центральный,556,Московская область
Троицк,Центральный,557,Москва
Фрязино,Центральный,558,Московская область
Химки,Центральный,559,Московская область
Хотьково,Центральный,560,Московская область
Черноголовка,Центральный,561,Московская область
Чехов,Центральный,562,Московская область
Шатура,Центральный,563,Московская область
Щёлково,Центральный,564,Московская область
Щербинка,Центральный,565,Москва
Электрогорск,Центральный,566,Московская область
Электросталь,Центральный,567,Московская область
Электроугли,Центральный,568,Московская область
Юбилейный,Центральный,569,Московская область
Яхрома,Центральный,570,Московская область
Апатиты,Северо-Западный,571,Мурманская область
Гаджиево,Северо-Западный,572,Мурманская область
Заозёрск,Северо-Западный,573,Мурманская область
Заполярный,Северо-Западный,574,Мурманская область
Кандалакша,Северо-Западный,575,Мурманская область
Кировск,Северо-Западный,576,Мурманская область
Ковдор,Северо-Западный,577,Мурманская область
Кола,Северо-Западный,578,Мурманская область
Мончегорск,Северо-Западный,579,Мурманская область
Мурманск,Северо-Западный,580,Мурманская область
Оленегорск,Северо-Западный,581,Мурманская область
Островной,Северо-Западный,582,Мурманская область
Полярные Зори,Северо-Западный,583,Мурманская область
Полярный,Северо-Западный,584,Мурманская область
Североморск,Северо-Западный,585,Мурманская область
Снежногорск,Северо-Западный,586,Мурманская область
Нарьян-Мар,Северо-Западный,587,Ненецкий Авт. Окр.
Арзамас,Приволжский,588,Нижегородская область
Балахна,Приволжский,589,Нижегородская область
Богородск,Приволжский,590,Нижегородская область
Бор,Приволжский,591,Нижегородская область
Ветлуга,Приволжский,592,Нижегородская область
Володарск,Приволжский,593,Нижегородская область
Ворсма,Приволжский,594,Нижегородская область
Выкса,Приволжский,595,Нижегородская область
Горбатов,Приволжский,596,Нижегородская область
Городец,Приволжский,597,Нижегородская область
Дзержинск,Приволжский,598,Нижегородская область
Заволжье,Приволжский,599,Нижегородская область
Княгинино,Приволжский,600,Нижегородская область
Кстово,Приволжский,601,Нижегородская область
Кулебаки,Приволжский,602,Нижегородская область
Лукоянов,Приволжский,603,Нижегородская область
Лысково,Приволжский,604,Нижегородская область
Навашино,Приволжский,605,Нижегородская область
Нижний Новгород,Приволжский,606,Нижегородская область
Павлово,Приволжский,607,Нижегородская область
Первомайск,Приволжский,608,Нижегородская область
Перевоз,Приволжский,609,Нижегородская область
Саров,Приволжский,610,Нижегородская область
Семёнов,Приволжский,611,Нижегородская область
Сергач,Приволжский,612,Нижегородская область
Урень,Приволжский,613,Нижегородская область
Чкаловск,Приволжский,614,Нижегородская область
Шахунья,Приволжский,615,Нижегородская область
Боровичи,Северо-Западный,616,Новгородская область
Валдай,Северо-Западный,617,Новгородская область
Великий Новгород,Северо-Западный,618,Новгородская область
Малая Вишера,Северо-Западный,619,Новгородская область
Окуловка,Северо-Западный,620,Новгородская область
Пестово,Северо-Западный,621,Новгородская область
Сольцы,Северо-Западный,622,Новгородская область
Старая Русса,Северо-Западный,623,Новгородская область
Холм,Северо-Западный,624,Новгородская область
Чудово,Северо-Западный,625,Новгородская область
Барабинск,Сибирский,626,Новосибирская область
Бердск,Сибирский,627,Новосибирская область
Болотное,Сибирский,628,Новосибирская область
Искитим,Сибирский,629,Новосибирская область
Карасук,Сибирский,630,Новосибирская область
Каргат,Сибирский,631,Новосибирская область
Куйбышев,Сибирский,632,Новосибирская область
Купино,Сибирский,633,Новосибирская область
Новосибирск,Сибирский,634,Новосибирская область
Обь,Сибирский,635,Новосибирская область
Татарск,Сибирский,636,Новосибирская область
Тогучин,Сибирский,637,Новосибирская область
Черепаново,Сибирский,638,Новосибирская область
Чулым,Сибирский,639,Новосибирская область
Исилькуль,Сибирский,640,Омская область
Калачинск,Сибирский,641,Омская область
Называевск,Сибирский,642,Омская область
Омск,Сибирский,643,Омская область
Тара,Сибирский,644,Омская область
Тюкалинск,Сибирский,645,Омская область
Абдулино,Приволжский,646,Оренбургская область
Бугуруслан,Приволжский,647,Оренбургская область
Бузулук,Приволжский,648,Оренбургская область
Гай,Приволжский,649,Оренбургская область
Кувандык,Приволжский,650,Оренбургская область
Медногорск,Приволжский,651,Оренбургская область
Новотроицк,Приволжский,652,Оренбургская область
Оренбург,Приволжский,653,Оренбургская область
Орск,Приволжский,654,Оренбургская область
Соль-Илецк,Приволжский,655,Оренбургская область
Сорочинск,Приволжский,656,Оренбургская область
Ясный,Приволжский,657,Оренбургская область
Болхов,Центральный,658,Орловская область
Дмитровск,Центральный,659,Орловская область
Ливны,Центральный,660,Орловская область
Малоархангельск,Центральный,661,Орловская область
Мценск,Центральный,662,Орловская область
Новосиль,Центральный,663,Орловская область
Орёл,Центральный,664,Орловская область
Белинский,Приволжский,665,Пензенская область
Городище,Приволжский,666,Пензенская область
Заречный,Приволжский,667,Пензенская область
Каменка,Приволжский,668,Пензенская область
Кузнецк,Приволжский,669,Пензенская область
Нижний Ломов,Приволжский,670,Пензенская область
Никольск,Приволжский,671,Пензенская область
Пенза,Приволжский,672,Пензенская область
Сердобск,Приволжский,673,Пензенская область
Спасск,Приволжский,674,Пензенская область
Сурск,Приволжский,675,Пензенская область
Александровск,Приволжский,676,Пермский край
Березники,Приволжский,677,Пермский край
Верещагино,Приволжский,678,Пермский край
Горнозаводск,Приволжский,679,Пермский край
Гремячинск,Приволжский,680,Пермский край
Губаха,Приволжский,681,Пермский край
Добрянка,Приволжский,682,Пермский край
Кизел,Приволжский,683,Пермский край
Красновишерск,Приволжский,684,Пермский край
Краснокамск,Приволжский,685,Пермский край
Кудымкар,Приволжский,686,Пермский край
Кунгур,Приволжский,687,Пермский край
Лысьва,Приволжский,688,Пермский край
Нытва,Приволжский,689,Пермский край
Оса,Приволжский,690,Пермский край
Оханск,Приволжский,691,Пермский край
Очёр,Приволжский,692,Пермский край
Пермь,Приволжский,693,Пермский край
Соликамск,Приволжский,694,Пермский край
Усолье,Приволжский,695,Пермский край
Чайковский,Приволжский,696,Пермский край
Чердынь,Приволжский,697,Пермский край
Чёрмоз,Приволжский,698,Пермский край
Чернушка,Приволжский,699,Пермский край
Чусовой,Приволжский,700,Пермский край
Арсеньев,Дальневосточный,701,Приморский край
Артём,Дальневосточный,702,Приморский край
Большой Камень,Дальневосточный,703,Приморский край
Владивосток,Дальневосточный,704,Приморский край
Дальнегорск,Дальневосточный,705,Приморский край
Дальнереченск,Дальневосточный,706,Приморский край
Лесозаводск,Дальневосточный,707,Приморский край
Находка,Дальневосточный,708,Приморский край
Партизанск,Дальневосточный,709,Приморский край
Спасск-Дальний,Дальневосточный,710,Приморский край
Уссурийск,Дальневосточный,711,Приморский край
Фокино,Дальневосточный,712,Приморский край
Великие Луки,Северо-Западный,713,Псковская область
Гдов,Северо-Западный,714,Псковская область
Дно,Северо-Западный,715,Псковская область
Невель,Северо-Западный,716,Псковская область
Новоржев,Северо-Западный,717,Псковская область
Новосокольники,Северо-Западный,718,Псковская область
Опочка,Северо-Западный,719,Псковская область
Остров,Северо-Западный,720,Псковская область
Печоры,Северо-Западный,721,Псковская область
Порхов,Северо-Западный,722,Псковская область
Псков,Северо-Западный,723,Псковская область
Пустошка,Северо-Западный,724,Псковская область
Пыталово,Северо-Западный,725,Псковская область
Себеж,Северо-Западный,726,Псковская область
Азов,Южный,727,Ростовская область
Аксай,Южный,728,Ростовская область
Батайск,Южный,729,Ростовская область
Белая Калитва,Южный,730,Ростовская область
Волгодонск,Южный,731,Ростовская область
Гуково,Южный,732,Ростовская область
Донецк,Южный,733,Ростовская область
Зверево,Южный,734,Ростовская область
Зерноград,Южный,735,Ростовская область
Каменск-Шахтинский,Южный,736,Ростовская область
Константиновск,Южный,737,Ростовская область
Красный Сулин,Южный,738,Ростовская область
Миллерово,Южный,739,Ростовская область
Морозовск,Южный,740,Ростовская область
Новочеркасск,Южный,741,Ростовская область
Новошахтинск,Южный,742,Ростовская область
Пролетарск,Южный,743,Ростовская область
Ростов-на-Дону,Южный,744,Ростовская область
Сальск,Южный,745,Ростовская область
Семикаракорск,Южный,746,Ростовская область
Таганрог,Южный,747,Ростовская область
Цимлянск,Южный,748,Ростовская область
Шахты,Южный,749,Ростовская область
Касимов,Центральный,750,Рязанская область
Кораблино,Центральный,751,Рязанская область
Михайлов,Центральный,752,Рязанская область
Новомичуринск,Центральный,753,Рязанская область
Рыбное,Центральный,754,Рязанская область
Ряжск,Центральный,755,Рязанская область
Рязань,Центральный,756,Рязанская область
Сасово,Центральный,757,Рязанская область
Скопин,Центральный,758,Рязанская область
Спас-Клепики,Центральный,759,Рязанская область
Спасск-Рязанский,Центральный,760,Рязанская область
Шацк,Центральный,761,Рязанская область
Жигулёвск,Приволжский,762,Самарская область
Кинель,Приволжский,763,Самарская область
Нефтегорск,Приволжский,764,Самарская область
Новокуйбышевск,Приволжский,765,Самарская область
Октябрьск,Приволжский,766,Самарская область
Отрадный,Приволжский,767,Самарская область
Похвистнево,Приволжский,768,Самарская область
Самара,Приволжский,769,Самарская область
Сызрань,Приволжский,770,Самарская область
Тольятти,Приволжский,771,Самарская область
Чапаевск,Приволжский,772,Самарская область
Зеленогорск,Северо-Западный,773,Санкт-Петербург
Колпино,Северо-Западный,774,Санкт-Петербург
Красное Село,Северо-Западный,775,Санкт-Петербург
Кронштадт,Северо-Западный,776,Санкт-Петербург
Ломоносов,Северо-Западный,777,Санкт-Петербург
Павловск,Северо-Западный,778,Санкт-Петербург
Петергоф,Северо-Западный,779,Санкт-Петербург
Пушкин,Северо-Западный,780,Санкт-Петербург
Санкт-Петербург,Северо-Западный,781,Санкт-Петербург
Сестрорецк,Северо-Западный,782,Санкт-Петербург
Аркадак,Приволжский,783,Саратовская область
Аткарск,Приволжский,784,Саратовская область
Балаково,Приволжский,785,Саратовская область
Балашов,Приволжский,786,Саратовская область
Вольск,Приволжский,787,Саратовская область
Ершов,Приволжский,788,Саратовская область
Калининск,Приволжский,789,Саратовская область
Красноармейск,Приволжский,790,Саратовская область
Красный Кут,Приволжский,791,Саратовская область
Маркс,Приволжский,792,Саратовская область
Новоузенск,Приволжский,793,Саратовская область
Петровск,Приволжский,794,Саратовская область
Пугачёв,Приволжский,795,Саратовская область
Ртищево,Приволжский,796,Саратовская область
Саратов,Приволжский,797,Саратовская область
Хвалынск,Приволжский,798,Саратовская область
Шиханы,Приволжский,799,Саратовская область
Энгельс,Приволжский,800,Саратовская область
Александровск-Сахалинский,Дальневосточный,801,Сахалинская область
Анива,Дальневосточный,802,Сахалинская область
Долинск,Дальневосточный,803,Сахалинская область
Корсаков,Дальневосточный,804,Сахалинская область
Курильск,Дальневосточный,805,Сахалинская область
Макаров,Дальневосточный,806,Сахалинская область
Невельск,Дальневосточный,807,Сахалинская область
Оха,Дальневосточный,808,Сахалинская область
Поронайск,Дальневосточный,809,Сахалинская область
Северо-Курильск,Дальневосточный,810,Сахалинская область
Томари,Дальневосточный,811,Сахалинская область
Углегорск,Дальневосточный,812,Сахалинская область
Холмск,Дальневосточный,813,Сахалинская область
Шахтёрск,Дальневосточный,814,Сахалинская область
Южно-Сахалинск,Дальневосточный,815,Сахалинская область
Алапаевск,Уральский,816,Свердловская область
Арамиль,Уральский,817,Свердловская область
Артёмовский,Уральский,818,Свердловская область
Асбест,Уральский,819,Свердловская область
Берёзовский,Уральский,820,Свердловская область
Богданович,Уральский,821,Свердловская область
Верхний Тагил,Уральский,822,Свердловская область
Верхняя Пышма,Уральский,823,Свердловская область
Верхняя Салда,Уральский,824,Свердловская область
Верхняя Тура,Уральский,825,Свердловская область
Верхотурье,Уральский,826,Свердловская область
Волчанск,Уральский,827,Свердловская область
Дегтярск,Уральский,828,Свердловская область
Екатеринбург,Уральский,829,Свердловская область
Заречный,Уральский,830,Свердловская область
Ивдель,Уральский,831,Свердловская область
Ирбит,Уральский,832,Свердловская область
Каменск-Уральский,Уральский,833,Свердловская область
Камышлов,Уральский,834,Свердловская область
Карпинск,Уральский,835,Свердловская область
Качканар,Уральский,836,Свердловская область
Кировград,Уральский,837,Свердловская область
Краснотурьинск,Уральский,838,Свердловская область
Красноуральск,Уральский,839,Свердловская область
Красноуфимск,Уральский,840,Свердловская область
Кушва,Уральский,841,Свердловская область
Лесной,Уральский,842,Свердловская область
Михайловск,Уральский,843,Свердловская область
Невьянск,Уральский,844,Свердловская область
Нижние Серги,Уральский,845,Свердловская область
Нижний Тагил,Уральский,846,Свердловская область
Нижняя Салда,Уральский,847,Свердловская область
Нижняя Тура,Уральский,848,Свердловская область
Новая Ляля,Уральский,849,Свердловская область
Новоуральск,Уральский,850,Свердловская область
Первоуральск,Уральский,851,Свердловская область
Полевской,Уральский,852,Свердловская область
Ревда,Уральский,853,Свердловская область
Реж,Уральский,854,Свердловская область
Североуральск,Уральский,855,Свердловская область
Серов,Уральский,856,Свердловская область
Среднеуральск,Уральский,857,Свердловская область
Сухой Лог,Уральский,858,Свердловская область
Сысерть,Уральский,859,Свердловская область
Тавда,Уральский,860,Свердловская область
Талица,Уральский,861,Свердловская область
Туринск,Уральский,862,Свердловская область
Алагир,Северо-Кавказский,863,Северная Осетия - Алания
Ардон,Северо-Кавказский,864,Северная Осетия - Алания
Беслан,Северо-Кавказский,865,Северная Осетия - Алания
Владикавказ,Северо-Кавказский,866,Северная Осетия - Алания
Дигора,Северо-Кавказский,867,Северная Осетия - Алания
Моздок,Северо-Кавказский,868,Северная Осетия - Алания
Велиж,Центральный,869,Смоленская область
Вязьма,Центральный,870,Смоленская область
Гагарин,Центральный,871,Смоленская область
Демидов,Центральный,872,Смоленская область
Десногорск,Центральный,873,Смоленская область
Дорогобуж,Центральный,874,Смоленская область
Духовщина,Центральный,875,Смоленская область
Ельня,Центральный,876,Смоленская область
Починок,Центральный,877,Смоленская область
Рославль,Центральный,878,Смоленская область
Рудня,Центральный,879,Смоленская область
Сафоново,Центральный,880,Смоленская область
Смоленск,Центральный,881,Смоленская область
Сычёвка,Центральный,882,Смоленская область
Ярцево,Центральный,883,Смоленская область
Благодарный,Северо-Кавказский,884,Ставропольский край
Будённовск,Северо-Кавказский,885,Ставропольский край
Георгиевск,Северо-Кавказский,886,Ставропольский край
Ессентуки,Северо-Кавказский,887,Ставропольский край
Железноводск,Северо-Кавказский,888,Ставропольский край
Зеленокумск,Северо-Кавказский,889,Ставропольский край
Изобильный,Северо-Кавказский,890,Ставропольский край
Ипатово,Северо-Кавказский,891,Ставропольский край
Кисловодск,Северо-Кавказский,892,Ставропольский край
Лермонтов,Северо-Кавказский,893,Ставропольский край
Минеральные Воды,Северо-Кавказский,894,Ставропольский край
Михайловск,Северо-Кавказский,895,Ставропольский край
Невинномысск,Северо-Кавказский,896,Ставропольский край
Нефтекумск,Северо-Кавказский,897,Ставропольский край
Новоалександровск,Северо-Кавказский,898,Ставропольский край
Новопавловск,Северо-Кавказский,899,Ставропольский край
Пятигорск,Северо-Кавказский,900,Ставропольский край
Светлоград,Северо-Кавказский,901,Ставропольский край
Ставрополь,Северо-Кавказский,902,Ставропольский край
Жердевка,Центральный,903,Тамбовская область
Кирсанов,Центральный,904,Тамбовская область
Котовск,Центральный,905,Тамбовская область
Мичуринск,Центральный,906,Тамбовская область
Моршанск,Центральный,907,Тамбовская область
Рассказово,Центральный,908,Тамбовская область
Тамбов,Центральный,909,Тамбовская область
Уварово,Центральный,910,Тамбовская область
Агрыз,Приволжский,911,Татарстан
Азнакаево,Приволжский,912,Татарстан
Альметьевск,Приволжский,913,Татарстан
Арск,Приволжский,914,Татарстан
Бавлы,Приволжский,915,Татарстан
Болгар,Приволжский,916,Татарстан
Бугульма,Приволжский,917,Татарстан
Буинск,Приволжский,918,Татарстан
Елабуга,Приволжский,919,Татарстан
Заинск,Приволжский,920,Татарстан
Зеленодольск,Приволжский,921,Татарстан
Казань,Приволжский,922,Татарстан
Лаишево,Приволжский,923,Татарстан
Лениногорск,Приволжский,924,Татарстан
Мамадыш,Приволжский,925,Татарстан
Менделеевск,Приволжский,926,Татарстан
Мензелинск,Приволжский,927,Татарстан
Набережные Челны,Приволжский,928,Татарстан
Нижнекамск,Приволжский,929,Татарстан
Нурлат,Приволжский,930,Татарстан
Тетюши,Приволжский,931,Татарстан
Чистополь,Приволжский,932,Татарстан
Андреаполь,Центральный,933,Тверская область
Бежецк,Центральный,934,Тверская область
Белый,Центральный,935,Тверская область
Бологое,Центральный,936,Тверская область
Весьегонск,Центральный,937,Тверская область
Вышний Волочёк,Центральный,938,Тверская область
Западная Двина,Центральный,939,Тверская область
Зубцов,Центральный,940,Тверская область
Калязин,Центральный,941,Тверская область
Кашин,Центральный,942,Тверская область
Кимры,Центральный,943,Тверская область
Конаково,Центральный,944,Тверская область
Красный Холм,Центральный,945,Тверская область
Кувшиново,Центральный,946,Тверская область
Лихославль,Центральный,947,Тверская область
Нелидово,Центральный,948,Тверская область
Осташков,Центральный,949,Тверская область
Ржев,Центральный,950,Тверская область
Старица,Центральный,951,Тверская область
Тверь,Центральный,952,Тверская область
Торжок,Центральный,953,Тверская область
Торопец,Центральный,954,Тверская область
Удомля,Центральный,955,Тверская область
Асино,Сибирский,956,Томская область
Кедровый,Сибирский,957,Томская область
Колпашево,Сибирский,958,Томская область
Северск,Сибирский,959,Томская область
Стрежевой,Сибирский,960,Томская область
Томск,Сибирский,961,Томская область
Алексин,Центральный,962,Тульская область
Белёв,Центральный,963,Тульская область
Богородицк,Центральный,964,Тульская область
Болохово,Центральный,965,Тульская область
Венёв,Центральный,966,Тульская область
Донской,Центральный,967,Тульская область
Ефремов,Центральный,968,Тульская область
Кимовск,Центральный,969,Тульская область
Киреевск,Центральный,970,Тульская область
Липки,Центральный,971,Тульская область
Новомосковск,Центральный,972,Тульская область
Плавск,Центральный,973,Тульская область
Суворов,Центральный,974,Тульская область
Тула,Центральный,975,Тульская область
Узловая,Центральный,976,Тульская область
Чекалин,Центральный,977,Тульская область
Щёкино,Центральный,978,Тульская область
Ясногорск,Центральный,979,Тульская область
Советск,Центральный,980,Тульская область
Ак-Довурак,Сибирский,981,Тыва
Кызыл,Сибирский,982,Тыва
Туран,Сибирский,983,Тыва
Чадан,Сибирский,984,Тыва
Шагонар,Сибирский,985,Тыва
Заводоуковск,Уральский,986,Тюменская область
Ишим,Уральский,987,Тюменская область
Тобольск,Уральский,988,Тюменская область
Тюмень,Уральский,989,Тюменская область
Ялуторовск,Уральский,990,Тюменская область
Воткинск,Приволжский,991,Удмуртия
Глазов,Приволжский,992,Удмуртия
Ижевск,Приволжский,993,Удмуртия
Камбарка,Приволжский,994,Удмуртия
Можга,Приволжский,995,Удмуртия
Сарапул,Приволжский,996,Удмуртия
Барыш,Приволжский,997,Ульяновская область
Димитровград,Приволжский,998,Ульяновская область
Инза,Приволжский,999,Ульяновская область
Новоульяновск,Приволжский,1000,Ульяновская область
Сенгилей,Приволжский,1001,Ульяновская область
Ульяновск,Приволжский,1002,Ульяновская область
Амурск,Дальневосточный,1003,Хабаровский край
Бикин,Дальневосточный,1004,Хабаровский край
Вяземский,Дальневосточный,1005,Хабаровский край
Комсомольск-на-Амуре,Дальневосточный,1006,Хабаровский край
Николаевск-на-Амуре,Дальневосточный,1007,Хабаровский край
Советская Гавань,Дальневосточный,1008,Хабаровский край
Хабаровск,Дальневосточный,1009,Хабаровский край
Абаза,Сибирский,1010,Хакасия
Абакан,Сибирский,1011,Хакасия
Саяногорск,Сибирский,1012,Хакасия
Сорск,Сибирский,1013,Хакасия
Черногорск,Сибирский,1014,Хакасия
Белоярский,Уральский,1015,Ханты-Мансийский авт. окр.
Когалым,Уральский,1016,Ханты-Мансийский авт. окр.
Лангепас,Уральский,1017,Ханты-Мансийский авт. окр.
Лянтор,Уральский,1018,Ханты-Мансийский авт. окр.
Мегион,Уральский,1019,Ханты-Мансийский авт. окр.
Нефтеюганск,Уральский,1020,Ханты-Мансийский авт. окр.
Нижневартовск,Уральский,1021,Ханты-Мансийский авт. окр.
Нягань,Уральский,1022,Ханты-Мансийский авт. окр.
Покачи,Уральский,1023,Ханты-Мансийский авт. окр.
Пыть-Ях,Уральский,1024,Ханты-Мансийский авт. окр.
Радужный,Уральский,1025,Ханты-Мансийский авт. окр.
Советский,Уральский,1026,Ханты-Мансийский авт. окр.
Сургут,Уральский,1027,Ханты-Мансийский авт. окр.
Урай,Уральский,1028,Ханты-Мансийский авт. окр.
Ханты-Мансийск,Уральский,1029,Ханты-Мансийский авт. окр.
Югорск,Уральский,1030,Ханты-Мансийский авт. окр.
Аша,Уральский,1031,Челябинская область
Бакал,Уральский,1032,Челябинская область
Верхнеуральск,Уральский,1033,Челябинская область
Верхний Уфалей,Уральский,1034,Челябинская область
Еманжелинск,Уральский,1035,Челябинская область
Златоуст,Уральский,1036,Челябинская область
Карабаш,Уральский,1037,Челябинская область
Карталы,Уральский,1038,Челябинская область
Касли,Уральский,1039,Челябинская область
Катав-Ивановск,Уральский,1040,Челябинская область
Копейск,Уральский,1041,Челябинская область
Коркино,Уральский,1042,Челябинская область
Куса,Уральский,1043,Челябинская область
Кыштым,Уральский,1044,Челябинская область
Магнитогорск,Уральский,1045,Челябинская область
Миасс,Уральский,1046,Челябинская область
Миньяр,Уральский,1047,Челябинская область
Нязепетровск,Уральский,1048,Челябинская область
Озёрск,Уральский,1049,Челябинская область
Пласт,Уральский,1050,Челябинская область
Сатка,Уральский,1051,Челябинская область
Сим,Уральский,1052,Челябинская область
Снежинск,Уральский,1053,Челябинская область
Трёхгорный,Уральский,1054,Челябинская область
Троицк,Уральский,1055,Челябинская область
Усть-Катав,Уральский,1056,Челябинская область
Чебаркуль,Уральский,1057,Челябинская область
Челябинск,Уральский,1058,Челябинская область
Южноуральск,Уральский,1059,Челябинская область
Юрюзань,Уральский,1060,Челябинская область
Аргун,Северо-Кавказский,1061,Чечня
Грозный,Северо-Кавказский,1062,Чечня
Гудермес,Северо-Кавказский,1063,Чечня
Урус-Мартан,Северо-Кавказский,1064,Чечня
Шали,Северо-Кавказский,1065,Чечня
Алатырь,Приволжский,1066,Чувашия
Канаш,Приволжский,1067,Чувашия
Козловка,Приволжский,1068,Чувашия
Мариинский Посад,Приволжский,1069,Чувашия
Новочебоксарск,Приволжский,1070,Чувашия
Цивильск,Приволжский,1071,Чувашия
Чебоксары,Приволжский,1072,Чувашия
Шумерля,Приволжский,1073,Чувашия
Ядрин,Приволжский,1074,Чувашия
Анадырь,Дальневосточный,1075,Чукотский авт. окр.
Билибино,Дальневосточный,1076,Чукотский авт. окр.
Певек,Дальневосточный,1077,Чукотский авт. окр.
Алдан,Дальневосточный,1078,Якутия
Верхоянск,Дальневосточный,1079,Якутия
Вилюйск,Дальневосточный,1080,Якутия
Ленск,Дальневосточный,1081,Якутия
Мирный,Дальневосточный,1082,Якутия
Нерюнгри,Дальневосточный,1083,Якутия
Нюрба,Дальневосточный,1084,Якутия
Олёкминск,Дальневосточный,1085,Якутия
Покровск,Дальневосточный,1086,Якутия
Среднеколымск,Дальневосточный,1087,Якутия
Томмот,Дальневосточный,1088,Якутия
Удачный,Дальневосточный,1089,Якутия
Якутск,Дальневосточный,1090,Якутия
Губкинский,Уральский,1091,Ямало-Ненецкий авт. окр.
Лабытнанги,Уральский,1092,Ямало-Ненецкий авт. окр.
Муравленко,Уральский,1093,Ямало-Ненецкий авт. окр.
Надым,Уральский,1094,Ямало-Ненецкий авт. окр.
Новый Уренгой,Уральский,1095,Ямало-Ненецкий авт. окр.
Ноябрьск,Уральский,1096,Ямало-Ненецкий авт. окр.
Салехард,Уральский,1097,Ямало-Ненецкий авт. окр.
Тарко-Сале,Уральский,1098,Ямало-Ненецкий авт. окр.
Гаврилов-Ям,Центральный,1099,Ярославская область
Данилов,Центральный,1100,Ярославская область
Любим,Центральный,1101,Ярославская область
Мышкин,Центральный,1102,Ярославская область
Переславль-Залесский,Центральный,1103,Ярославская область
Пошехонье,Центральный,1104,Ярославская область
Ростов,Центральный,1105,Ярославская область
Рыбинск,Центральный,1106,Ярославская область
Тутаев,Центральный,1107,Ярославская область
Углич,Центральный,1108,Ярославская область
Ярославль,Центральный,1109,Ярославская область
Адыгейск,Южный,1,Адыгея
